provider,WARNING_UPGRADE_TO_V6,terms,base,date,time_last_updated,rates
https://www.exchangerate-api.com,https://www.exchangerate-api.com/docs/free,https://www.exchangerate-api.com/terms,USD,2026-01-20,1768867201,1.0
https://www.exchangerate-api.com,https://www.exchangerate-api.com/docs/free,https://www.exchangerate-api.com/terms,USD,2026-01-20,1768867201,3.67
https://www.exchangerate-api.com,https://www.exchangerate-api.com/docs/free,https://www.exchangerate-api.com/terms,USD,2026-01-20,1768867201,65.79
https://www.exchangerate-api.com,https://www.exchangerate-api.com/docs/free,https://www.exchangerate-api.com/terms,USD,2026-01-20,1768867201,83.08
https://www.exchangerate-api.com,https://www.exchangerate-api.com/docs/free,https://www.exchangerate-api.com/terms,USD,2026-01-20,1768867201,379.34
https://www.exchangerate-api.com,https://www.exchangerate-api.com/docs/free,https://www.exchangerate-api.com/terms,USD,2026-01-20,1768867201,1.79
https://www.exchangerate-api.com,https://www.exchangerate-api.com/docs/free,https://www.exchangerate-api.com/terms,USD,2026-01-20,1768867201,920.37
https://www.exchangerate-api.com,https://www.exchangerate-api.com/docs/free,https://www.exchangerate-api.com/terms,USD,2026-01-20,1768867201,1452.25
https://www.exchangerate-api.com,https://www.exchangerate-api.com/docs/free,https://www.exchangerate-api.com/terms,USD,2026-01-20,1768867201,1.49
https://www.exchangerate-api.com,https://www.exchangerate-api.com/docs/free,https://www.exchangerate-api.com/terms,USD,2026-01-20,1768867201,1.79
https://www.exchangerate-api.com,https://www.exchangerate-api.com/docs/free,https://www.exchangerate-api.com/terms,USD,2026-01-20,1768867201,1.7
https://www.exchangerate-api.com,https://www.exchangerate-api.com/docs/free,https://www.exchangerate-api.com/terms,USD,2026-01-20,1768867201,1.68
https://www.exchangerate-api.com,https://www.exchangerate-api.com/docs/free,https://www.exchangerate-api.com/terms,USD,2026-01-20,1768867201,2.0
https://www.exchangerate-api.com,https://www.exchangerate-api.com/docs/free,https://www.exchangerate-api.com/terms,USD,2026-01-20,1768867201,122.33
https://www.exchangerate-api.com,https://www.exchangerate-api.com/docs/free,https://www.exchangerate-api.com/terms,USD,2026-01-20,1768867201,1.62
https://www.exchangerate-api.com,https://www.exchangerate-api.com/docs/free,https://www.exchangerate-api.com/terms,USD,2026-01-20,1768867201,0.376
https://www.exchangerate-api.com,https://www.exchangerate-api.com/docs/free,https://www.exchangerate-api.com/terms,USD,2026-01-20,1768867201,2970.63
https://www.exchangerate-api.com,https://www.exchangerate-api.com/docs/free,https://www.exchangerate-api.com/terms,USD,2026-01-20,1768867201,1.0
https://www.exchangerate-api.com,https://www.exchangerate-api.com/docs/free,https://www.exchangerate-api.com/terms,USD,2026-01-20,1768867201,1.29
https://www.exchangerate-api.com,https://www.exchangerate-api.com/docs/free,https://www.exchangerate-api.com/terms,USD,2026-01-20,1768867201,6.92
https://www.exchangerate-api.com,https://www.exchangerate-api.com/docs/free,https://www.exchangerate-api.com/terms,USD,2026-01-20,1768867201,5.37
https://www.exchangerate-api.com,https://www.exchangerate-api.com/docs/free,https://www.exchangerate-api.com/terms,USD,2026-01-20,1768867201,1.0
https://www.exchangerate-api.com,https://www.exchangerate-api.com/docs/free,https://www.exchangerate-api.com/terms,USD,2026-01-20,1768867201,90.96
https://www.exchangerate-api.com,https://www.exchangerate-api.com/docs/free,https://www.exchangerate-api.com/terms,USD,2026-01-20,1768867201,13.78
https://www.exchangerate-api.com,https://www.exchangerate-api.com/docs/free,https://www.exchangerate-api.com/terms,USD,2026-01-20,1768867201,2.89
https://www.exchangerate-api.com,https://www.exchangerate-api.com/docs/free,https://www.exchangerate-api.com/terms,USD,2026-01-20,1768867201,2.0
https://www.exchangerate-api.com,https://www.exchangerate-api.com/docs/free,https://www.exchangerate-api.com/terms,USD,2026-01-20,1768867201,1.39
https://www.exchangerate-api.com,https://www.exchangerate-api.com/docs/free,https://www.exchangerate-api.com/terms,USD,2026-01-20,1768867201,2221.1
https://www.exchangerate-api.com,https://www.exchangerate-api.com/docs/free,https://www.exchangerate-api.com/terms,USD,2026-01-20,1768867201,0.798
https://www.exchangerate-api.com,https://www.exchangerate-api.com/docs/free,https://www.exchangerate-api.com/terms,USD,2026-01-20,1768867201,0.0224
https://www.exchangerate-api.com,https://www.exchangerate-api.com/docs/free,https://www.exchangerate-api.com/terms,USD,2026-01-20,1768867201,886.51
https://www.exchangerate-api.com,https://www.exchangerate-api.com/docs/free,https://www.exchangerate-api.com/terms,USD,2026-01-20,1768867201,6.96
https://www.exchangerate-api.com,https://www.exchangerate-api.com/docs/free,https://www.exchangerate-api.com/terms,USD,2026-01-20,1768867201,6.98
https://www.exchangerate-api.com,https://www.exchangerate-api.com/docs/free,https://www.exchangerate-api.com/terms,USD,2026-01-20,1768867201,3686.46
https://www.exchangerate-api.com,https://www.exchangerate-api.com/docs/free,https://www.exchangerate-api.com/terms,USD,2026-01-20,1768867201,488.08
https://www.exchangerate-api.com,https://www.exchangerate-api.com/docs/free,https://www.exchangerate-api.com/terms,USD,2026-01-20,1768867201,24.0
https://www.exchangerate-api.com,https://www.exchangerate-api.com/docs/free,https://www.exchangerate-api.com/terms,USD,2026-01-20,1768867201,94.76
https://www.exchangerate-api.com,https://www.exchangerate-api.com/docs/free,https://www.exchangerate-api.com/terms,USD,2026-01-20,1768867201,20.88
https://www.exchangerate-api.com,https://www.exchangerate-api.com/docs/free,https://www.exchangerate-api.com/terms,USD,2026-01-20,1768867201,177.72
https://www.exchangerate-api.com,https://www.exchangerate-api.com/docs/free,https://www.exchangerate-api.com/terms,USD,2026-01-20,1768867201,6.41
https://www.exchangerate-api.com,https://www.exchangerate-api.com/docs/free,https://www.exchangerate-api.com/terms,USD,2026-01-20,1768867201,63.63
https://www.exchangerate-api.com,https://www.exchangerate-api.com/docs/free,https://www.exchangerate-api.com/terms,USD,2026-01-20,1768867201,130.21
https://www.exchangerate-api.com,https://www.exchangerate-api.com/docs/free,https://www.exchangerate-api.com/terms,USD,2026-01-20,1768867201,47.41
https://www.exchangerate-api.com,https://www.exchangerate-api.com/docs/free,https://www.exchangerate-api.com/terms,USD,2026-01-20,1768867201,15.0
https://www.exchangerate-api.com,https://www.exchangerate-api.com/docs/free,https://www.exchangerate-api.com/terms,USD,2026-01-20,1768867201,152.87
https://www.exchangerate-api.com,https://www.exchangerate-api.com/docs/free,https://www.exchangerate-api.com/terms,USD,2026-01-20,1768867201,0.859
https://www.exchangerate-api.com,https://www.exchangerate-api.com/docs/free,https://www.exchangerate-api.com/terms,USD,2026-01-20,1768867201,2.28
https://www.exchangerate-api.com,https://www.exchangerate-api.com/docs/free,https://www.exchangerate-api.com/terms,USD,2026-01-20,1768867201,0.745
https://www.exchangerate-api.com,https://www.exchangerate-api.com/docs/free,https://www.exchangerate-api.com/terms,USD,2026-01-20,1768867201,6.41
https://www.exchangerate-api.com,https://www.exchangerate-api.com/docs/free,https://www.exchangerate-api.com/terms,USD,2026-01-20,1768867201,0.745
https://www.exchangerate-api.com,https://www.exchangerate-api.com/docs/free,https://www.exchangerate-api.com/terms,USD,2026-01-20,1768867201,2.69
https://www.exchangerate-api.com,https://www.exchangerate-api.com/docs/free,https://www.exchangerate-api.com/terms,USD,2026-01-20,1768867201,0.745
https://www.exchangerate-api.com,https://www.exchangerate-api.com/docs/free,https://www.exchangerate-api.com/terms,USD,2026-01-20,1768867201,10.85
https://www.exchangerate-api.com,https://www.exchangerate-api.com/docs/free,https://www.exchangerate-api.com/terms,USD,2026-01-20,1768867201,0.745
https://www.exchangerate-api.com,https://www.exchangerate-api.com/docs/free,https://www.exchangerate-api.com/terms,USD,2026-01-20,1768867201,74.02
https://www.exchangerate-api.com,https://www.exchangerate-api.com/docs/free,https://www.exchangerate-api.com/terms,USD,2026-01-20,1768867201,8748.04
https://www.exchangerate-api.com,https://www.exchangerate-api.com/docs/free,https://www.exchangerate-api.com/terms,USD,2026-01-20,1768867201,7.66
https://www.exchangerate-api.com,https://www.exchangerate-api.com/docs/free,https://www.exchangerate-api.com/terms,USD,2026-01-20,1768867201,209.17
https://www.exchangerate-api.com,https://www.exchangerate-api.com/docs/free,https://www.exchangerate-api.com/terms,USD,2026-01-20,1768867201,7.8
https://www.exchangerate-api.com,https://www.exchangerate-api.com/docs/free,https://www.exchangerate-api.com/terms,USD,2026-01-20,1768867201,26.36
https://www.exchangerate-api.com,https://www.exchangerate-api.com/docs/free,https://www.exchangerate-api.com/terms,USD,2026-01-20,1768867201,6.47
https://www.exchangerate-api.com,https://www.exchangerate-api.com/docs/free,https://www.exchangerate-api.com/terms,USD,2026-01-20,1768867201,130.87
https://www.exchangerate-api.com,https://www.exchangerate-api.com/docs/free,https://www.exchangerate-api.com/terms,USD,2026-01-20,1768867201,331.36
https://www.exchangerate-api.com,https://www.exchangerate-api.com/docs/free,https://www.exchangerate-api.com/terms,USD,2026-01-20,1768867201,16970.62
https://www.exchangerate-api.com,https://www.exchangerate-api.com/docs/free,https://www.exchangerate-api.com/terms,USD,2026-01-20,1768867201,3.16
https://www.exchangerate-api.com,https://www.exchangerate-api.com/docs/free,https://www.exchangerate-api.com/terms,USD,2026-01-20,1768867201,0.745
https://www.exchangerate-api.com,https://www.exchangerate-api.com/docs/free,https://www.exchangerate-api.com/terms,USD,2026-01-20,1768867201,90.96
https://www.exchangerate-api.com,https://www.exchangerate-api.com/docs/free,https://www.exchangerate-api.com/terms,USD,2026-01-20,1768867201,1312.32
https://www.exchangerate-api.com,https://www.exchangerate-api.com/docs/free,https://www.exchangerate-api.com/terms,USD,2026-01-20,1768867201,76754.9
https://www.exchangerate-api.com,https://www.exchangerate-api.com/docs/free,https://www.exchangerate-api.com/terms,USD,2026-01-20,1768867201,125.71
https://www.exchangerate-api.com,https://www.exchangerate-api.com/docs/free,https://www.exchangerate-api.com/terms,USD,2026-01-20,1768867201,0.745
https://www.exchangerate-api.com,https://www.exchangerate-api.com/docs/free,https://www.exchangerate-api.com/terms,USD,2026-01-20,1768867201,157.49
https://www.exchangerate-api.com,https://www.exchangerate-api.com/docs/free,https://www.exchangerate-api.com/terms,USD,2026-01-20,1768867201,0.709
https://www.exchangerate-api.com,https://www.exchangerate-api.com/docs/free,https://www.exchangerate-api.com/terms,USD,2026-01-20,1768867201,158.05
https://www.exchangerate-api.com,https://www.exchangerate-api.com/docs/free,https://www.exchangerate-api.com/terms,USD,2026-01-20,1768867201,128.95
https://www.exchangerate-api.com,https://www.exchangerate-api.com/docs/free,https://www.exchangerate-api.com/terms,USD,2026-01-20,1768867201,87.43
https://www.exchangerate-api.com,https://www.exchangerate-api.com/docs/free,https://www.exchangerate-api.com/terms,USD,2026-01-20,1768867201,4023.77
https://www.exchangerate-api.com,https://www.exchangerate-api.com/docs/free,https://www.exchangerate-api.com/terms,USD,2026-01-20,1768867201,1.49
https://www.exchangerate-api.com,https://www.exchangerate-api.com/docs/free,https://www.exchangerate-api.com/terms,USD,2026-01-20,1768867201,422.78
https://www.exchangerate-api.com,https://www.exchangerate-api.com/docs/free,https://www.exchangerate-api.com/terms,USD,2026-01-20,1768867201,1473.08
https://www.exchangerate-api.com,https://www.exchangerate-api.com/docs/free,https://www.exchangerate-api.com/terms,USD,2026-01-20,1768867201,0.308
https://www.exchangerate-api.com,https://www.exchangerate-api.com/docs/free,https://www.exchangerate-api.com/terms,USD,2026-01-20,1768867201,0.833
https://www.exchangerate-api.com,https://www.exchangerate-api.com/docs/free,https://www.exchangerate-api.com/terms,USD,2026-01-20,1768867201,509.57
https://www.exchangerate-api.com,https://www.exchangerate-api.com/docs/free,https://www.exchangerate-api.com/terms,USD,2026-01-20,1768867201,21687.3
https://www.exchangerate-api.com,https://www.exchangerate-api.com/docs/free,https://www.exchangerate-api.com/terms,USD,2026-01-20,1768867201,89500.0
https://www.exchangerate-api.com,https://www.exchangerate-api.com/docs/free,https://www.exchangerate-api.com/terms,USD,2026-01-20,1768867201,309.53
https://www.exchangerate-api.com,https://www.exchangerate-api.com/docs/free,https://www.exchangerate-api.com/terms,USD,2026-01-20,1768867201,180.59
https://www.exchangerate-api.com,https://www.exchangerate-api.com/docs/free,https://www.exchangerate-api.com/terms,USD,2026-01-20,1768867201,16.4
https://www.exchangerate-api.com,https://www.exchangerate-api.com/docs/free,https://www.exchangerate-api.com/terms,USD,2026-01-20,1768867201,5.43
https://www.exchangerate-api.com,https://www.exchangerate-api.com/docs/free,https://www.exchangerate-api.com/terms,USD,2026-01-20,1768867201,9.22
https://www.exchangerate-api.com,https://www.exchangerate-api.com/docs/free,https://www.exchangerate-api.com/terms,USD,2026-01-20,1768867201,17.09
https://www.exchangerate-api.com,https://www.exchangerate-api.com/docs/free,https://www.exchangerate-api.com/terms,USD,2026-01-20,1768867201,4543.15
https://www.exchangerate-api.com,https://www.exchangerate-api.com/docs/free,https://www.exchangerate-api.com/terms,USD,2026-01-20,1768867201,52.97
https://www.exchangerate-api.com,https://www.exchangerate-api.com/docs/free,https://www.exchangerate-api.com/terms,USD,2026-01-20,1768867201,2097.21
https://www.exchangerate-api.com,https://www.exchangerate-api.com/docs/free,https://www.exchangerate-api.com/terms,USD,2026-01-20,1768867201,3589.89
https://www.exchangerate-api.com,https://www.exchangerate-api.com/docs/free,https://www.exchangerate-api.com/terms,USD,2026-01-20,1768867201,8.03
https://www.exchangerate-api.com,https://www.exchangerate-api.com/docs/free,https://www.exchangerate-api.com/terms,USD,2026-01-20,1768867201,40.05
https://www.exchangerate-api.com,https://www.exchangerate-api.com/docs/free,https://www.exchangerate-api.com/terms,USD,2026-01-20,1768867201,46.31
https://www.exchangerate-api.com,https://www.exchangerate-api.com/docs/free,https://www.exchangerate-api.com/terms,USD,2026-01-20,1768867201,15.44
https://www.exchangerate-api.com,https://www.exchangerate-api.com/docs/free,https://www.exchangerate-api.com/terms,USD,2026-01-20,1768867201,1744.93
https://www.exchangerate-api.com,https://www.exchangerate-api.com/docs/free,https://www.exchangerate-api.com/terms,USD,2026-01-20,1768867201,17.6
https://www.exchangerate-api.com,https://www.exchangerate-api.com/docs/free,https://www.exchangerate-api.com/terms,USD,2026-01-20,1768867201,4.05
https://www.exchangerate-api.com,https://www.exchangerate-api.com/docs/free,https://www.exchangerate-api.com/terms,USD,2026-01-20,1768867201,63.62
https://www.exchangerate-api.com,https://www.exchangerate-api.com/docs/free,https://www.exchangerate-api.com/terms,USD,2026-01-20,1768867201,16.4
https://www.exchangerate-api.com,https://www.exchangerate-api.com/docs/free,https://www.exchangerate-api.com/terms,USD,2026-01-20,1768867201,1420.09
https://www.exchangerate-api.com,https://www.exchangerate-api.com/docs/free,https://www.exchangerate-api.com/terms,USD,2026-01-20,1768867201,36.79
https://www.exchangerate-api.com,https://www.exchangerate-api.com/docs/free,https://www.exchangerate-api.com/terms,USD,2026-01-20,1768867201,10.07
https://www.exchangerate-api.com,https://www.exchangerate-api.com/docs/free,https://www.exchangerate-api.com/terms,USD,2026-01-20,1768867201,145.53
https://www.exchangerate-api.com,https://www.exchangerate-api.com/docs/free,https://www.exchangerate-api.com/terms,USD,2026-01-20,1768867201,1.73
https://www.exchangerate-api.com,https://www.exchangerate-api.com/docs/free,https://www.exchangerate-api.com/terms,USD,2026-01-20,1768867201,0.384
https://www.exchangerate-api.com,https://www.exchangerate-api.com/docs/free,https://www.exchangerate-api.com/terms,USD,2026-01-20,1768867201,1.0
https://www.exchangerate-api.com,https://www.exchangerate-api.com/docs/free,https://www.exchangerate-api.com/terms,USD,2026-01-20,1768867201,3.36
https://www.exchangerate-api.com,https://www.exchangerate-api.com/docs/free,https://www.exchangerate-api.com/terms,USD,2026-01-20,1768867201,4.27
https://www.exchangerate-api.com,https://www.exchangerate-api.com/docs/free,https://www.exchangerate-api.com/terms,USD,2026-01-20,1768867201,59.47
https://www.exchangerate-api.com,https://www.exchangerate-api.com/docs/free,https://www.exchangerate-api.com/terms,USD,2026-01-20,1768867201,279.85
https://www.exchangerate-api.com,https://www.exchangerate-api.com/docs/free,https://www.exchangerate-api.com/terms,USD,2026-01-20,1768867201,3.63
https://www.exchangerate-api.com,https://www.exchangerate-api.com/docs/free,https://www.exchangerate-api.com/terms,USD,2026-01-20,1768867201,6760.16
https://www.exchangerate-api.com,https://www.exchangerate-api.com/docs/free,https://www.exchangerate-api.com/terms,USD,2026-01-20,1768867201,3.64
https://www.exchangerate-api.com,https://www.exchangerate-api.com/docs/free,https://www.exchangerate-api.com/terms,USD,2026-01-20,1768867201,4.38
https://www.exchangerate-api.com,https://www.exchangerate-api.com/docs/free,https://www.exchangerate-api.com/terms,USD,2026-01-20,1768867201,100.87
https://www.exchangerate-api.com,https://www.exchangerate-api.com/docs/free,https://www.exchangerate-api.com/terms,USD,2026-01-20,1768867201,77.74
https://www.exchangerate-api.com,https://www.exchangerate-api.com/docs/free,https://www.exchangerate-api.com/terms,USD,2026-01-20,1768867201,1459.95
https://www.exchangerate-api.com,https://www.exchangerate-api.com/docs/free,https://www.exchangerate-api.com/terms,USD,2026-01-20,1768867201,3.75
https://www.exchangerate-api.com,https://www.exchangerate-api.com/docs/free,https://www.exchangerate-api.com/terms,USD,2026-01-20,1768867201,8.03
https://www.exchangerate-api.com,https://www.exchangerate-api.com/docs/free,https://www.exchangerate-api.com/terms,USD,2026-01-20,1768867201,14.15
https://www.exchangerate-api.com,https://www.exchangerate-api.com/docs/free,https://www.exchangerate-api.com/terms,USD,2026-01-20,1768867201,454.29
https://www.exchangerate-api.com,https://www.exchangerate-api.com/docs/free,https://www.exchangerate-api.com/terms,USD,2026-01-20,1768867201,9.21
https://www.exchangerate-api.com,https://www.exchangerate-api.com/docs/free,https://www.exchangerate-api.com/terms,USD,2026-01-20,1768867201,1.29
https://www.exchangerate-api.com,https://www.exchangerate-api.com/docs/free,https://www.exchangerate-api.com/terms,USD,2026-01-20,1768867201,0.745
https://www.exchangerate-api.com,https://www.exchangerate-api.com/docs/free,https://www.exchangerate-api.com/terms,USD,2026-01-20,1768867201,24.15
https://www.exchangerate-api.com,https://www.exchangerate-api.com/docs/free,https://www.exchangerate-api.com/terms,USD,2026-01-20,1768867201,24148.08
https://www.exchangerate-api.com,https://www.exchangerate-api.com/docs/free,https://www.exchangerate-api.com/terms,USD,2026-01-20,1768867201,570.52
https://www.exchangerate-api.com,https://www.exchangerate-api.com/docs/free,https://www.exchangerate-api.com/terms,USD,2026-01-20,1768867201,38.38
https://www.exchangerate-api.com,https://www.exchangerate-api.com/docs/free,https://www.exchangerate-api.com/terms,USD,2026-01-20,1768867201,4716.13
https://www.exchangerate-api.com,https://www.exchangerate-api.com/docs/free,https://www.exchangerate-api.com/terms,USD,2026-01-20,1768867201,21.05
https://www.exchangerate-api.com,https://www.exchangerate-api.com/docs/free,https://www.exchangerate-api.com/terms,USD,2026-01-20,1768867201,112.34
https://www.exchangerate-api.com,https://www.exchangerate-api.com/docs/free,https://www.exchangerate-api.com/terms,USD,2026-01-20,1768867201,16.4
https://www.exchangerate-api.com,https://www.exchangerate-api.com/docs/free,https://www.exchangerate-api.com/terms,USD,2026-01-20,1768867201,31.25
https://www.exchangerate-api.com,https://www.exchangerate-api.com/docs/free,https://www.exchangerate-api.com/terms,USD,2026-01-20,1768867201,9.31
https://www.exchangerate-api.com,https://www.exchangerate-api.com/docs/free,https://www.exchangerate-api.com/terms,USD,2026-01-20,1768867201,3.5
https://www.exchangerate-api.com,https://www.exchangerate-api.com/docs/free,https://www.exchangerate-api.com/terms,USD,2026-01-20,1768867201,2.89
https://www.exchangerate-api.com,https://www.exchangerate-api.com/docs/free,https://www.exchangerate-api.com/terms,USD,2026-01-20,1768867201,2.39
https://www.exchangerate-api.com,https://www.exchangerate-api.com/docs/free,https://www.exchangerate-api.com/terms,USD,2026-01-20,1768867201,43.29
https://www.exchangerate-api.com,https://www.exchangerate-api.com/docs/free,https://www.exchangerate-api.com/terms,USD,2026-01-20,1768867201,6.75
https://www.exchangerate-api.com,https://www.exchangerate-api.com/docs/free,https://www.exchangerate-api.com/terms,USD,2026-01-20,1768867201,1.49
https://www.exchangerate-api.com,https://www.exchangerate-api.com/docs/free,https://www.exchangerate-api.com/terms,USD,2026-01-20,1768867201,31.57
https://www.exchangerate-api.com,https://www.exchangerate-api.com/docs/free,https://www.exchangerate-api.com/terms,USD,2026-01-20,1768867201,2492.91
https://www.exchangerate-api.com,https://www.exchangerate-api.com/docs/free,https://www.exchangerate-api.com/terms,USD,2026-01-20,1768867201,43.28
https://www.exchangerate-api.com,https://www.exchangerate-api.com/docs/free,https://www.exchangerate-api.com/terms,USD,2026-01-20,1768867201,3505.94
https://www.exchangerate-api.com,https://www.exchangerate-api.com/docs/free,https://www.exchangerate-api.com/terms,USD,2026-01-20,1768867201,38.65
https://www.exchangerate-api.com,https://www.exchangerate-api.com/docs/free,https://www.exchangerate-api.com/terms,USD,2026-01-20,1768867201,11928.95
https://www.exchangerate-api.com,https://www.exchangerate-api.com/docs/free,https://www.exchangerate-api.com/terms,USD,2026-01-20,1768867201,344.51
https://www.exchangerate-api.com,https://www.exchangerate-api.com/docs/free,https://www.exchangerate-api.com/terms,USD,2026-01-20,1768867201,26165.57
https://www.exchangerate-api.com,https://www.exchangerate-api.com/docs/free,https://www.exchangerate-api.com/terms,USD,2026-01-20,1768867201,120.86
https://www.exchangerate-api.com,https://www.exchangerate-api.com/docs/free,https://www.exchangerate-api.com/terms,USD,2026-01-20,1768867201,2.75
https://www.exchangerate-api.com,https://www.exchangerate-api.com/docs/free,https://www.exchangerate-api.com/terms,USD,2026-01-20,1768867201,563.7
https://www.exchangerate-api.com,https://www.exchangerate-api.com/docs/free,https://www.exchangerate-api.com/terms,USD,2026-01-20,1768867201,2.7
https://www.exchangerate-api.com,https://www.exchangerate-api.com/docs/free,https://www.exchangerate-api.com/terms,USD,2026-01-20,1768867201,1.79
https://www.exchangerate-api.com,https://www.exchangerate-api.com/docs/free,https://www.exchangerate-api.com/terms,USD,2026-01-20,1768867201,0.732
https://www.exchangerate-api.com,https://www.exchangerate-api.com/docs/free,https://www.exchangerate-api.com/terms,USD,2026-01-20,1768867201,563.7
https://www.exchangerate-api.com,https://www.exchangerate-api.com/docs/free,https://www.exchangerate-api.com/terms,USD,2026-01-20,1768867201,102.55
https://www.exchangerate-api.com,https://www.exchangerate-api.com/docs/free,https://www.exchangerate-api.com/terms,USD,2026-01-20,1768867201,238.33
https://www.exchangerate-api.com,https://www.exchangerate-api.com/docs/free,https://www.exchangerate-api.com/terms,USD,2026-01-20,1768867201,16.4
https://www.exchangerate-api.com,https://www.exchangerate-api.com/docs/free,https://www.exchangerate-api.com/terms,USD,2026-01-20,1768867201,20.06
https://www.exchangerate-api.com,https://www.exchangerate-api.com/docs/free,https://www.exchangerate-api.com/terms,USD,2026-01-20,1768867201,25.61
https://www.exchangerate-api.com,https://www.exchangerate-api.com/docs/free,https://www.exchangerate-api.com/terms,USD,2026-01-20,1768867201,25.61
